<?xml version="1.0" encoding="utf-8"?>
<OPCUAObject xmlns:xsi="http://www.w3.org/2001/XMLSchema-instance" xmlns:xsd="http://www.w3.org/2001/XMLSchema">
  <OPCUAVariable UID="9D7C936BA81C8BF5" Enabled="false">
    <OPCUAAttribute Name="AccessLevel" Value="1" Locked="true" AttributeMask="Read Only;True" />
    <Extensions>
      <Extension>
        <RTAddress>V1;${VariableFullPath}</RTAddress>
      </Extension>
    </Extensions>
  </OPCUAVariable>
  <OPCUAVariable UID="3CB06C279E45C877" Enabled="false">
    <OPCUAAttribute Name="AccessLevel" Value="1" Locked="true" AttributeMask="Read Only;True" />
    <Extensions>
      <Extension>
        <RTAddress>V1;${VariableFullPath}</RTAddress>
      </Extension>
    </Extensions>
  </OPCUAVariable>
  <OPCUAVariable UID="18474BC135C873E1" Enabled="false">
    <Extensions>
      <Extension>
        <RTAddress>V1;${VariableFullPath};Trigger=CNF</RTAddress>
      </Extension>
    </Extensions>
  </OPCUAVariable>
</OPCUAObject>