<?xml version="1.0" encoding="utf-8"?>
<Colors xmlns:xsi="http://www.w3.org/2001/XMLSchema-instance" xmlns:xsd="http://www.w3.org/2001/XMLSchema" xmlns="http://tempuri.org/Colors.xsd">
  <Normal Name="ComboBoxTextColor" R="90" G="90" B="90" A="255" />
  <Normal Name="RoundKnobInnerCircleColor" R="0" G="168" B="231" A="255" />
  <Normal Name="RoundKnobKnobColor" R="210" G="210" B="210" A="255" />
  <Normal Name="RoundKnobNeedleColor" R="110" G="110" B="110" A="255" />
  <Normal Name="RoundKnobScaleColor" R="130" G="130" B="130" A="255" />
  <Normal Name="LedFrameColor" R="200" G="200" B="200" A="255" />
  <Normal Name="LedFalseColor" R="60" G="60" B="60" A="255" />
  <Normal Name="LedTrueColor" R="0" G="168" B="231" A="255" />
</Colors>