﻿<?xml version="1.0" encoding="utf-8"?>
<baseline xmlns:xsd="http://www.nxtControl.com/Snapshot" xmlns="http://tempuri.org/XMLSchema1.xsd">
  <snapshot guid="{CF4F6195-2B27-4672-AA62-F1B264815A16}" compiler="Default" created="2023-10-01T00:06:20" base="{00000000-0000-0000-0000-000000000000}">
    <DeployInformation Type="Working">
      <FileGroup Name="FileList" xmlns="http://tempuri.org/DeploySnapshot.xsd">
        <FileItem Name="Main#CAT1_HMI.bin" Library="IEC61499.exe" BuildSnapshot="{CB07F701-9AF4-40A7-848A-DFF177EAF656}" BaseSnapshot="{00000000-0000-0000-0000-000000000000}">
          <Modified>2023-09-30T23:38:21</Modified>
          <Hash>254E72716580E80FA</Hash>
        </FileItem>
        <FileItem Name="Main#CAT1.bin" Library="IEC61499.exe" BuildSnapshot="{CB07F701-9AF4-40A7-848A-DFF177EAF656}" BaseSnapshot="{00000000-0000-0000-0000-000000000000}">
          <Modified>2023-09-30T23:38:21</Modified>
          <Hash>218DA281D56E5585B</Hash>
        </FileItem>
        <FileItem Name="Main#FLASHER4.bin" Library="IEC61499.exe" BuildSnapshot="{CB07F701-9AF4-40A7-848A-DFF177EAF656}" BaseSnapshot="{00000000-0000-0000-0000-000000000000}">
          <Modified>2023-09-30T23:38:21</Modified>
          <Hash>196EE1148B8031E36</Hash>
        </FileItem>
        <FileItem Name="Main#INCHOICE_HMI.bin" Library="IEC61499.exe" BuildSnapshot="{CB07F701-9AF4-40A7-848A-DFF177EAF656}" BaseSnapshot="{00000000-0000-0000-0000-000000000000}">
          <Modified>2023-09-30T23:38:21</Modified>
          <Hash>59FCBAEAC505D4B1</Hash>
        </FileItem>
        <FileItem Name="Main#INCHOICE.bin" Library="IEC61499.exe" BuildSnapshot="{CB07F701-9AF4-40A7-848A-DFF177EAF656}" BaseSnapshot="{00000000-0000-0000-0000-000000000000}">
          <Modified>2023-09-30T23:38:21</Modified>
          <Hash>161A60780F05E92A6</Hash>
        </FileItem>
        <FileItem Name="Main#number2time.bin" Library="IEC61499.exe" BuildSnapshot="{CB07F701-9AF4-40A7-848A-DFF177EAF656}" BaseSnapshot="{00000000-0000-0000-0000-000000000000}">
          <Modified>2023-09-30T23:38:21</Modified>
          <Hash>125D125C8D2ECB418</Hash>
        </FileItem>
        <FileItem Name="Main#INTIME_HMI.bin" Library="IEC61499.exe" BuildSnapshot="{CB07F701-9AF4-40A7-848A-DFF177EAF656}" BaseSnapshot="{00000000-0000-0000-0000-000000000000}">
          <Modified>2023-09-30T23:38:21</Modified>
          <Hash>188380209CA78F634</Hash>
        </FileItem>
        <FileItem Name="Main#INTIME.bin" Library="IEC61499.exe" BuildSnapshot="{CB07F701-9AF4-40A7-848A-DFF177EAF656}" BaseSnapshot="{00000000-0000-0000-0000-000000000000}">
          <Modified>2023-09-30T23:38:21</Modified>
          <Hash>2309BF931CE18736B</Hash>
        </FileItem>
        <FileItem Name="Main#LEDHMI_HMI.bin" Library="IEC61499.exe" BuildSnapshot="{CB07F701-9AF4-40A7-848A-DFF177EAF656}" BaseSnapshot="{00000000-0000-0000-0000-000000000000}">
          <Modified>2023-09-30T23:38:21</Modified>
          <Hash>160E1028CE60B819F</Hash>
        </FileItem>
        <FileItem Name="Main#LEDHMI.bin" Library="IEC61499.exe" BuildSnapshot="{CB07F701-9AF4-40A7-848A-DFF177EAF656}" BaseSnapshot="{00000000-0000-0000-0000-000000000000}">
          <Modified>2023-09-30T23:38:21</Modified>
          <Hash>328BA69473D9A2D6</Hash>
        </FileItem>
        <FileItem Name="Main#RadioBool_HMI.bin" Library="IEC61499.exe" BuildSnapshot="{CB07F701-9AF4-40A7-848A-DFF177EAF656}" BaseSnapshot="{00000000-0000-0000-0000-000000000000}">
          <Modified>2023-09-30T23:38:21</Modified>
          <Hash>251B7FD22C11A52D1</Hash>
        </FileItem>
        <FileItem Name="Main#RadioBool.bin" Library="IEC61499.exe" BuildSnapshot="{CB07F701-9AF4-40A7-848A-DFF177EAF656}" BaseSnapshot="{00000000-0000-0000-0000-000000000000}">
          <Modified>2023-09-30T23:38:21</Modified>
          <Hash>236AAB68A1B9A18AB</Hash>
        </FileItem>
        <FileItem Name="Main#CROSSCOMM_PEER_119A6D19C7508D132.bin" Library="IEC61499.exe" BuildSnapshot="{CB07F701-9AF4-40A7-848A-DFF177EAF656}" BaseSnapshot="{00000000-0000-0000-0000-000000000000}">
          <Modified>2023-09-30T23:38:21</Modified>
          <Hash>119A6D19C7508D132</Hash>
        </FileItem>
        <FileItem Name="Main#CROSSCOMM_PEER_206268B6AE5B21954.bin" Library="IEC61499.exe" BuildSnapshot="{CB07F701-9AF4-40A7-848A-DFF177EAF656}" BaseSnapshot="{00000000-0000-0000-0000-000000000000}">
          <Modified>2023-09-30T23:38:21</Modified>
          <Hash>206268B6AE5B21954</Hash>
        </FileItem>
        <FileItem Name="Main#CROSSCOMM_PEER_7792FCF393C9A3FA.bin" Library="IEC61499.exe" BuildSnapshot="{CB07F701-9AF4-40A7-848A-DFF177EAF656}" BaseSnapshot="{00000000-0000-0000-0000-000000000000}">
          <Modified>2023-09-30T23:38:21</Modified>
          <Hash>7792FCF393C9A3FA</Hash>
        </FileItem>
        <FileItem Name="Main#CROSSCOMM_PEER_86868271B499C6F0.bin" Library="IEC61499.exe" BuildSnapshot="{CB07F701-9AF4-40A7-848A-DFF177EAF656}" BaseSnapshot="{00000000-0000-0000-0000-000000000000}">
          <Modified>2023-09-30T23:38:21</Modified>
          <Hash>86868271B499C6F0</Hash>
        </FileItem>
        <FileItem Name="Main#CROSSCOMM_SENDER_153F5A08CC8D75AF0.bin" Library="IEC61499.exe" BuildSnapshot="{CB07F701-9AF4-40A7-848A-DFF177EAF656}" BaseSnapshot="{00000000-0000-0000-0000-000000000000}">
          <Modified>2023-09-30T23:38:21</Modified>
          <Hash>153F5A08CC8D75AF0</Hash>
        </FileItem>
        <FileItem Name="Main#CROSSCOMM_SENDER_173D71B9DC3A56340.bin" Library="IEC61499.exe" BuildSnapshot="{CB07F701-9AF4-40A7-848A-DFF177EAF656}" BaseSnapshot="{00000000-0000-0000-0000-000000000000}">
          <Modified>2023-09-30T23:38:21</Modified>
          <Hash>173D71B9DC3A56340</Hash>
        </FileItem>
        <FileItem Name="Main#CROSSCOMM_SENDER_200C0D3AE43A7966C.bin" Library="IEC61499.exe" BuildSnapshot="{CB07F701-9AF4-40A7-848A-DFF177EAF656}" BaseSnapshot="{00000000-0000-0000-0000-000000000000}">
          <Modified>2023-09-30T23:38:21</Modified>
          <Hash>200C0D3AE43A7966C</Hash>
        </FileItem>
        <FileItem Name="Main#CROSSCOMM_SENDER_23F64C0EB886DC54.bin" Library="IEC61499.exe" BuildSnapshot="{CB07F701-9AF4-40A7-848A-DFF177EAF656}" BaseSnapshot="{00000000-0000-0000-0000-000000000000}">
          <Modified>2023-09-30T23:38:21</Modified>
          <Hash>23F64C0EB886DC54</Hash>
        </FileItem>
        <FileItem Name="Main#CROSSCOMM_PEER_12120F4A7FB80576D.bin" Library="IEC61499.exe" BuildSnapshot="{CF4F6195-2B27-4672-AA62-F1B264815A16}" BaseSnapshot="{00000000-0000-0000-0000-000000000000}">
          <Modified>2023-10-01T00:06:19</Modified>
          <Hash>12120F4A7FB80576D</Hash>
        </FileItem>
        <FileItem Name="Main#CROSSCOMM_PEER_195C19FF067434822.bin" Library="IEC61499.exe" BuildSnapshot="{CF4F6195-2B27-4672-AA62-F1B264815A16}" BaseSnapshot="{00000000-0000-0000-0000-000000000000}">
          <Modified>2023-10-01T00:06:19</Modified>
          <Hash>195C19FF067434822</Hash>
        </FileItem>
        <FileItem Name="Main#CROSSCOMM_SENDER_45FE03D7848F2EB2.bin" Library="IEC61499.exe" BuildSnapshot="{CF4F6195-2B27-4672-AA62-F1B264815A16}" BaseSnapshot="{00000000-0000-0000-0000-000000000000}">
          <Modified>2023-10-01T00:06:19</Modified>
          <Hash>45FE03D7848F2EB2</Hash>
        </FileItem>
        <FileItem Name="Main#CROSSCOMM_SENDER_49CFBE3BDC6326A7.bin" Library="IEC61499.exe" BuildSnapshot="{CF4F6195-2B27-4672-AA62-F1B264815A16}" BaseSnapshot="{00000000-0000-0000-0000-000000000000}">
          <Modified>2023-10-01T00:06:19</Modified>
          <Hash>49CFBE3BDC6326A7</Hash>
        </FileItem>
        <LibraryItem Name="Runtime.Base" Version="22.1.0.17" />
        <LibraryItem Name="SE.DPAC" Version="22.1.0.24" />
        <LibraryItem Name="SE.Standard" Version="22.1.0.9" />
        <LibraryItem Name="Standard.HMIExtensions" Version="22.1.0.5" />
        <DeviceItem ID="2ea872c1-2742-4cc8-b5fc-f64b860203df" Hash="178F321D1E7B13907" />
        <DeviceItem ID="d2fc03ae-0ddd-4bb1-a3cf-8f52b744df65" Hash="2087246FC448372FB" />
        <DeviceItem ID="ec8bb4cb-ab92-487e-a5a5-781a1131d14c" Hash="79FDCA15FA845BF9" />
      </FileGroup>
      <Device Name="FLASHER" ID="d2fc03ae-0ddd-4bb1-a3cf-8f52b744df65" xmlns="http://tempuri.org/DeploySnapshot.xsd">
        <FileItem Name="Basics/Main#FLASHER4.bin" />
        <FileItem Name="Basics/Main#CROSSCOMM_PEER_86868271B499C6F0.bin" />
        <FileItem Name="Basics/Main#CROSSCOMM_PEER_206268B6AE5B21954.bin" />
        <FileItem Name="Basics/Main#CROSSCOMM_PEER_119A6D19C7508D132.bin" />
        <FileItem Name="Basics/Main#CROSSCOMM_PEER_195C19FF067434822.bin" />
        <FileItem Name="Basics/Main#CROSSCOMM_SENDER_49CFBE3BDC6326A7.bin" />
      </Device>
      <Device Name="CTL_PANEL" ID="ec8bb4cb-ab92-487e-a5a5-781a1131d14c" xmlns="http://tempuri.org/DeploySnapshot.xsd">
        <FileItem Name="Composites/Main#RadioBool_HMI.bin" />
        <FileItem Name="Composites/Main#RadioBool.bin" />
        <FileItem Name="Basics/Main#number2time.bin" />
        <FileItem Name="Composites/Main#INTIME_HMI.bin" />
        <FileItem Name="Composites/Main#INTIME.bin" />
        <FileItem Name="Composites/Main#INCHOICE_HMI.bin" />
        <FileItem Name="Composites/Main#INCHOICE.bin" />
        <FileItem Name="Basics/Main#CROSSCOMM_SENDER_153F5A08CC8D75AF0.bin" />
        <FileItem Name="Basics/Main#CROSSCOMM_SENDER_200C0D3AE43A7966C.bin" />
        <FileItem Name="Basics/Main#CROSSCOMM_SENDER_173D71B9DC3A56340.bin" />
        <FileItem Name="Basics/Main#CROSSCOMM_SENDER_45FE03D7848F2EB2.bin" />
      </Device>
      <Device Name="DISPLAY" ID="2ea872c1-2742-4cc8-b5fc-f64b860203df" xmlns="http://tempuri.org/DeploySnapshot.xsd">
        <FileItem Name="Composites/Main#LEDHMI_HMI.bin" />
        <FileItem Name="Composites/Main#LEDHMI.bin" />
        <FileItem Name="Basics/Main#CROSSCOMM_SENDER_45FE03D7848F2EB2.bin" />
        <FileItem Name="Basics/Main#CROSSCOMM_PEER_12120F4A7FB80576D.bin" />
        <FileItem Name="Basics/Main#CROSSCOMM_PEER_195C19FF067434822.bin" />
      </Device>
    </DeployInformation>
  </snapshot>
  <deployment>
    <network_profile name="(Local Test)">
      <device id="d2fc03ae-0ddd-4bb1-a3cf-8f52b744df65">
        <sref snapshot="{CF4F6195-2B27-4672-AA62-F1B264815A16}" state="ACTIVE" />
      </device>
      <device id="ec8bb4cb-ab92-487e-a5a5-781a1131d14c">
        <sref snapshot="{CF4F6195-2B27-4672-AA62-F1B264815A16}" state="ACTIVE" />
      </device>
      <device id="2ea872c1-2742-4cc8-b5fc-f64b860203df">
        <sref snapshot="{CF4F6195-2B27-4672-AA62-F1B264815A16}" state="ACTIVE" />
      </device>
    </network_profile>
  </deployment>
</baseline>