﻿<?xml version="1.0" encoding="utf-8"?>
<DeviceProperties xmlns:xsi="http://www.w3.org/2001/XMLSchema-instance" xmlns:xsd="http://www.w3.org/2001/XMLSchema">
  <DefaultProfile />
  <Profile Name="(Local Test)">
    <Device Name="DISPLAY">
      <ComplexProperty Name="Ports" Expanded="true">
        <Property Name="Deploy" Value="51500" IsPassword="false" />
        <Property Name="Archive" Value="51497" IsPassword="false" />
      </ComplexProperty>
      <ComplexProperty Name="Configuration" Expanded="true">
        <GroupProperty Name="Communication" Expanded="true" Enabled="true">
          <GroupProperty Name="ReliableCrossComm" Expanded="true" Enabled="true">
            <Property Name="URI" Value="udp://0.0.0.0:41500" IsPassword="false" />
          </GroupProperty>
        </GroupProperty>
      </ComplexProperty>
    </Device>
    <Device Name="CTL_PANEL">
      <ComplexProperty Name="Ports" Expanded="true">
        <Property Name="Deploy" Value="51501" IsPassword="false" />
        <Property Name="Archive" Value="51498" IsPassword="false" />
      </ComplexProperty>
      <ComplexProperty Name="Configuration" Expanded="true">
        <GroupProperty Name="Communication" Expanded="true" Enabled="true">
          <GroupProperty Name="ReliableCrossComm" Expanded="true" Enabled="true">
            <Property Name="URI" Value="udp://0.0.0.0:41501" IsPassword="false" />
          </GroupProperty>
        </GroupProperty>
      </ComplexProperty>
    </Device>
    <Device Name="FLASHER">
      <ComplexProperty Name="Ports" Expanded="true">
        <Property Name="Deploy" Value="51503" IsPassword="false" />
        <Property Name="Archive" Value="51502" IsPassword="false" />
      </ComplexProperty>
      <ComplexProperty Name="Configuration" Expanded="true">
        <GroupProperty Name="Communication" Expanded="true" Enabled="true">
          <GroupProperty Name="ReliableCrossComm" Expanded="true" Enabled="true">
            <Property Name="URI" Value="udp://0.0.0.0:41502" IsPassword="false" />
          </GroupProperty>
        </GroupProperty>
      </ComplexProperty>
    </Device>
  </Profile>
</DeviceProperties>